<?xml version="1.0" encoding="UTF-8"?>
<config xmlns="http://www.knime.org/2008/09/XMLConfig" xmlns:xsi="http://www.w3.org/2001/XMLSchema-instance" xsi:schemaLocation="http://www.knime.org/2008/09/XMLConfig http://www.knime.org/XMLConfig_2008_09.xsd" key="Table Spec">
    <config key="table.spec">
        <entry key="spec_name" type="xstring" value="default"/>
        <entry key="number_columns" type="xint" value="13"/>
        <config key="column_spec_0">
            <entry key="column_name" type="xstring" value="X"/>
            <config key="element_names">
                <entry key="array-size" type="xint" value="0"/>
            </config>
            <config key="column_type">
                <entry key="cell_class" type="xstring" value="org.knime.core.data.def.IntCell"/>
            </config>
            <config key="column_domain">
                <config key="lower_bound">
                    <entry key="datacell" type="xstring" value="org.knime.core.data.def.IntCell"/>
                    <config key="org.knime.core.data.def.IntCell">
                        <entry key="IntCell" type="xint" value="1"/>
                    </config>
                </config>
                <config key="upper_bound">
                    <entry key="datacell" type="xstring" value="org.knime.core.data.def.IntCell"/>
                    <config key="org.knime.core.data.def.IntCell">
                        <entry key="IntCell" type="xint" value="9"/>
                    </config>
                </config>
            </config>
            <config key="column_properties"/>
            <config key="meta_data"/>
        </config>
        <config key="column_spec_1">
            <entry key="column_name" type="xstring" value="Y"/>
            <config key="element_names">
                <entry key="array-size" type="xint" value="0"/>
            </config>
            <config key="column_type">
                <entry key="cell_class" type="xstring" value="org.knime.core.data.def.IntCell"/>
            </config>
            <config key="column_domain">
                <config key="lower_bound">
                    <entry key="datacell" type="xstring" value="org.knime.core.data.def.IntCell"/>
                    <config key="org.knime.core.data.def.IntCell">
                        <entry key="IntCell" type="xint" value="2"/>
                    </config>
                </config>
                <config key="upper_bound">
                    <entry key="datacell" type="xstring" value="org.knime.core.data.def.IntCell"/>
                    <config key="org.knime.core.data.def.IntCell">
                        <entry key="IntCell" type="xint" value="9"/>
                    </config>
                </config>
            </config>
            <config key="column_properties"/>
            <config key="meta_data"/>
        </config>
        <config key="column_spec_2">
            <entry key="column_name" type="xstring" value="month"/>
            <config key="element_names">
                <entry key="array-size" type="xint" value="0"/>
            </config>
            <config key="column_type">
                <entry key="cell_class" type="xstring" value="org.knime.core.data.def.StringCell"/>
            </config>
            <config key="column_domain">
                <config key="possible_values">
                    <entry key="array-size" type="xint" value="12"/>
                    <config key="0">
                        <entry key="datacell" type="xstring" value="org.knime.core.data.def.StringCell"/>
                        <config key="org.knime.core.data.def.StringCell">
                            <entry key="StringCell" type="xstring" value="mar"/>
                        </config>
                    </config>
                    <config key="1">
                        <entry key="datacell" type="xstring" value="org.knime.core.data.def.StringCell"/>
                        <config key="org.knime.core.data.def.StringCell">
                            <entry key="StringCell" type="xstring" value="oct"/>
                        </config>
                    </config>
                    <config key="2">
                        <entry key="datacell" type="xstring" value="org.knime.core.data.def.StringCell"/>
                        <config key="org.knime.core.data.def.StringCell">
                            <entry key="StringCell" type="xstring" value="aug"/>
                        </config>
                    </config>
                    <config key="3">
                        <entry key="datacell" type="xstring" value="org.knime.core.data.def.StringCell"/>
                        <config key="org.knime.core.data.def.StringCell">
                            <entry key="StringCell" type="xstring" value="sep"/>
                        </config>
                    </config>
                    <config key="4">
                        <entry key="datacell" type="xstring" value="org.knime.core.data.def.StringCell"/>
                        <config key="org.knime.core.data.def.StringCell">
                            <entry key="StringCell" type="xstring" value="apr"/>
                        </config>
                    </config>
                    <config key="5">
                        <entry key="datacell" type="xstring" value="org.knime.core.data.def.StringCell"/>
                        <config key="org.knime.core.data.def.StringCell">
                            <entry key="StringCell" type="xstring" value="jun"/>
                        </config>
                    </config>
                    <config key="6">
                        <entry key="datacell" type="xstring" value="org.knime.core.data.def.StringCell"/>
                        <config key="org.knime.core.data.def.StringCell">
                            <entry key="StringCell" type="xstring" value="jul"/>
                        </config>
                    </config>
                    <config key="7">
                        <entry key="datacell" type="xstring" value="org.knime.core.data.def.StringCell"/>
                        <config key="org.knime.core.data.def.StringCell">
                            <entry key="StringCell" type="xstring" value="feb"/>
                        </config>
                    </config>
                    <config key="8">
                        <entry key="datacell" type="xstring" value="org.knime.core.data.def.StringCell"/>
                        <config key="org.knime.core.data.def.StringCell">
                            <entry key="StringCell" type="xstring" value="jan"/>
                        </config>
                    </config>
                    <config key="9">
                        <entry key="datacell" type="xstring" value="org.knime.core.data.def.StringCell"/>
                        <config key="org.knime.core.data.def.StringCell">
                            <entry key="StringCell" type="xstring" value="dec"/>
                        </config>
                    </config>
                    <config key="10">
                        <entry key="datacell" type="xstring" value="org.knime.core.data.def.StringCell"/>
                        <config key="org.knime.core.data.def.StringCell">
                            <entry key="StringCell" type="xstring" value="may"/>
                        </config>
                    </config>
                    <config key="11">
                        <entry key="datacell" type="xstring" value="org.knime.core.data.def.StringCell"/>
                        <config key="org.knime.core.data.def.StringCell">
                            <entry key="StringCell" type="xstring" value="nov"/>
                        </config>
                    </config>
                </config>
            </config>
            <config key="column_properties"/>
            <config key="meta_data"/>
        </config>
        <config key="column_spec_3">
            <entry key="column_name" type="xstring" value="day"/>
            <config key="element_names">
                <entry key="array-size" type="xint" value="0"/>
            </config>
            <config key="column_type">
                <entry key="cell_class" type="xstring" value="org.knime.core.data.def.StringCell"/>
            </config>
            <config key="column_domain">
                <config key="possible_values">
                    <entry key="array-size" type="xint" value="7"/>
                    <config key="0">
                        <entry key="datacell" type="xstring" value="org.knime.core.data.def.StringCell"/>
                        <config key="org.knime.core.data.def.StringCell">
                            <entry key="StringCell" type="xstring" value="fri"/>
                        </config>
                    </config>
                    <config key="1">
                        <entry key="datacell" type="xstring" value="org.knime.core.data.def.StringCell"/>
                        <config key="org.knime.core.data.def.StringCell">
                            <entry key="StringCell" type="xstring" value="tue"/>
                        </config>
                    </config>
                    <config key="2">
                        <entry key="datacell" type="xstring" value="org.knime.core.data.def.StringCell"/>
                        <config key="org.knime.core.data.def.StringCell">
                            <entry key="StringCell" type="xstring" value="sat"/>
                        </config>
                    </config>
                    <config key="3">
                        <entry key="datacell" type="xstring" value="org.knime.core.data.def.StringCell"/>
                        <config key="org.knime.core.data.def.StringCell">
                            <entry key="StringCell" type="xstring" value="sun"/>
                        </config>
                    </config>
                    <config key="4">
                        <entry key="datacell" type="xstring" value="org.knime.core.data.def.StringCell"/>
                        <config key="org.knime.core.data.def.StringCell">
                            <entry key="StringCell" type="xstring" value="mon"/>
                        </config>
                    </config>
                    <config key="5">
                        <entry key="datacell" type="xstring" value="org.knime.core.data.def.StringCell"/>
                        <config key="org.knime.core.data.def.StringCell">
                            <entry key="StringCell" type="xstring" value="wed"/>
                        </config>
                    </config>
                    <config key="6">
                        <entry key="datacell" type="xstring" value="org.knime.core.data.def.StringCell"/>
                        <config key="org.knime.core.data.def.StringCell">
                            <entry key="StringCell" type="xstring" value="thu"/>
                        </config>
                    </config>
                </config>
            </config>
            <config key="column_properties"/>
            <config key="meta_data"/>
        </config>
        <config key="column_spec_4">
            <entry key="column_name" type="xstring" value="FFMC"/>
            <config key="element_names">
                <entry key="array-size" type="xint" value="0"/>
            </config>
            <config key="column_type">
                <entry key="cell_class" type="xstring" value="org.knime.core.data.def.DoubleCell"/>
            </config>
            <config key="column_domain">
                <config key="lower_bound">
                    <entry key="datacell" type="xstring" value="org.knime.core.data.def.DoubleCell"/>
                    <config key="org.knime.core.data.def.DoubleCell">
                        <entry key="DoubleCell" type="xdouble" value="18.7"/>
                    </config>
                </config>
                <config key="upper_bound">
                    <entry key="datacell" type="xstring" value="org.knime.core.data.def.DoubleCell"/>
                    <config key="org.knime.core.data.def.DoubleCell">
                        <entry key="DoubleCell" type="xdouble" value="96.2"/>
                    </config>
                </config>
            </config>
            <config key="column_properties"/>
            <config key="meta_data"/>
        </config>
        <config key="column_spec_5">
            <entry key="column_name" type="xstring" value="DMC"/>
            <config key="element_names">
                <entry key="array-size" type="xint" value="0"/>
            </config>
            <config key="column_type">
                <entry key="cell_class" type="xstring" value="org.knime.core.data.def.DoubleCell"/>
            </config>
            <config key="column_domain">
                <config key="lower_bound">
                    <entry key="datacell" type="xstring" value="org.knime.core.data.def.DoubleCell"/>
                    <config key="org.knime.core.data.def.DoubleCell">
                        <entry key="DoubleCell" type="xdouble" value="1.1"/>
                    </config>
                </config>
                <config key="upper_bound">
                    <entry key="datacell" type="xstring" value="org.knime.core.data.def.DoubleCell"/>
                    <config key="org.knime.core.data.def.DoubleCell">
                        <entry key="DoubleCell" type="xdouble" value="291.3"/>
                    </config>
                </config>
            </config>
            <config key="column_properties"/>
            <config key="meta_data"/>
        </config>
        <config key="column_spec_6">
            <entry key="column_name" type="xstring" value="DC"/>
            <config key="element_names">
                <entry key="array-size" type="xint" value="0"/>
            </config>
            <config key="column_type">
                <entry key="cell_class" type="xstring" value="org.knime.core.data.def.DoubleCell"/>
            </config>
            <config key="column_domain">
                <config key="lower_bound">
                    <entry key="datacell" type="xstring" value="org.knime.core.data.def.DoubleCell"/>
                    <config key="org.knime.core.data.def.DoubleCell">
                        <entry key="DoubleCell" type="xdouble" value="7.9"/>
                    </config>
                </config>
                <config key="upper_bound">
                    <entry key="datacell" type="xstring" value="org.knime.core.data.def.DoubleCell"/>
                    <config key="org.knime.core.data.def.DoubleCell">
                        <entry key="DoubleCell" type="xdouble" value="860.6"/>
                    </config>
                </config>
            </config>
            <config key="column_properties"/>
            <config key="meta_data"/>
        </config>
        <config key="column_spec_7">
            <entry key="column_name" type="xstring" value="ISI"/>
            <config key="element_names">
                <entry key="array-size" type="xint" value="0"/>
            </config>
            <config key="column_type">
                <entry key="cell_class" type="xstring" value="org.knime.core.data.def.DoubleCell"/>
            </config>
            <config key="column_domain">
                <config key="lower_bound">
                    <entry key="datacell" type="xstring" value="org.knime.core.data.def.DoubleCell"/>
                    <config key="org.knime.core.data.def.DoubleCell">
                        <entry key="DoubleCell" type="xdouble" value="0.0"/>
                    </config>
                </config>
                <config key="upper_bound">
                    <entry key="datacell" type="xstring" value="org.knime.core.data.def.DoubleCell"/>
                    <config key="org.knime.core.data.def.DoubleCell">
                        <entry key="DoubleCell" type="xdouble" value="56.1"/>
                    </config>
                </config>
            </config>
            <config key="column_properties"/>
            <config key="meta_data"/>
        </config>
        <config key="column_spec_8">
            <entry key="column_name" type="xstring" value="temp"/>
            <config key="element_names">
                <entry key="array-size" type="xint" value="0"/>
            </config>
            <config key="column_type">
                <entry key="cell_class" type="xstring" value="org.knime.core.data.def.DoubleCell"/>
            </config>
            <config key="column_domain">
                <config key="lower_bound">
                    <entry key="datacell" type="xstring" value="org.knime.core.data.def.DoubleCell"/>
                    <config key="org.knime.core.data.def.DoubleCell">
                        <entry key="DoubleCell" type="xdouble" value="2.2"/>
                    </config>
                </config>
                <config key="upper_bound">
                    <entry key="datacell" type="xstring" value="org.knime.core.data.def.DoubleCell"/>
                    <config key="org.knime.core.data.def.DoubleCell">
                        <entry key="DoubleCell" type="xdouble" value="33.3"/>
                    </config>
                </config>
            </config>
            <config key="column_properties"/>
            <config key="meta_data"/>
        </config>
        <config key="column_spec_9">
            <entry key="column_name" type="xstring" value="RH"/>
            <config key="element_names">
                <entry key="array-size" type="xint" value="0"/>
            </config>
            <config key="column_type">
                <entry key="cell_class" type="xstring" value="org.knime.core.data.def.IntCell"/>
            </config>
            <config key="column_domain">
                <config key="lower_bound">
                    <entry key="datacell" type="xstring" value="org.knime.core.data.def.IntCell"/>
                    <config key="org.knime.core.data.def.IntCell">
                        <entry key="IntCell" type="xint" value="15"/>
                    </config>
                </config>
                <config key="upper_bound">
                    <entry key="datacell" type="xstring" value="org.knime.core.data.def.IntCell"/>
                    <config key="org.knime.core.data.def.IntCell">
                        <entry key="IntCell" type="xint" value="100"/>
                    </config>
                </config>
            </config>
            <config key="column_properties"/>
            <config key="meta_data"/>
        </config>
        <config key="column_spec_10">
            <entry key="column_name" type="xstring" value="wind"/>
            <config key="element_names">
                <entry key="array-size" type="xint" value="0"/>
            </config>
            <config key="column_type">
                <entry key="cell_class" type="xstring" value="org.knime.core.data.def.DoubleCell"/>
            </config>
            <config key="column_domain">
                <config key="lower_bound">
                    <entry key="datacell" type="xstring" value="org.knime.core.data.def.DoubleCell"/>
                    <config key="org.knime.core.data.def.DoubleCell">
                        <entry key="DoubleCell" type="xdouble" value="0.4"/>
                    </config>
                </config>
                <config key="upper_bound">
                    <entry key="datacell" type="xstring" value="org.knime.core.data.def.DoubleCell"/>
                    <config key="org.knime.core.data.def.DoubleCell">
                        <entry key="DoubleCell" type="xdouble" value="9.4"/>
                    </config>
                </config>
            </config>
            <config key="column_properties"/>
            <config key="meta_data"/>
        </config>
        <config key="column_spec_11">
            <entry key="column_name" type="xstring" value="rain"/>
            <config key="element_names">
                <entry key="array-size" type="xint" value="0"/>
            </config>
            <config key="column_type">
                <entry key="cell_class" type="xstring" value="org.knime.core.data.def.DoubleCell"/>
            </config>
            <config key="column_domain">
                <config key="lower_bound">
                    <entry key="datacell" type="xstring" value="org.knime.core.data.def.DoubleCell"/>
                    <config key="org.knime.core.data.def.DoubleCell">
                        <entry key="DoubleCell" type="xdouble" value="0.0"/>
                    </config>
                </config>
                <config key="upper_bound">
                    <entry key="datacell" type="xstring" value="org.knime.core.data.def.DoubleCell"/>
                    <config key="org.knime.core.data.def.DoubleCell">
                        <entry key="DoubleCell" type="xdouble" value="6.4"/>
                    </config>
                </config>
            </config>
            <config key="column_properties"/>
            <config key="meta_data"/>
        </config>
        <config key="column_spec_12">
            <entry key="column_name" type="xstring" value="area"/>
            <config key="element_names">
                <entry key="array-size" type="xint" value="0"/>
            </config>
            <config key="column_type">
                <entry key="cell_class" type="xstring" value="org.knime.core.data.def.DoubleCell"/>
            </config>
            <config key="column_domain">
                <config key="lower_bound">
                    <entry key="datacell" type="xstring" value="org.knime.core.data.def.DoubleCell"/>
                    <config key="org.knime.core.data.def.DoubleCell">
                        <entry key="DoubleCell" type="xdouble" value="0.0"/>
                    </config>
                </config>
                <config key="upper_bound">
                    <entry key="datacell" type="xstring" value="org.knime.core.data.def.DoubleCell"/>
                    <config key="org.knime.core.data.def.DoubleCell">
                        <entry key="DoubleCell" type="xdouble" value="1090.84"/>
                    </config>
                </config>
            </config>
            <config key="column_properties"/>
            <config key="meta_data"/>
        </config>
    </config>
</config>
